City_ID,City,Country,Lat,Lng,Max Temp,Humidity,Cloudiness,Wind Speed,Weather description
0,Dunedin,NZ,-45.8742,170.5036,56.8,72,100,1.03,overcast clouds
1,Oistins,BB,13.0667,-59.5333,82.49,78,40,9.22,scattered clouds
2,Acarau,BR,-2.8856,-40.12,77.85,83,60,17.9,broken clouds
3,Rognan,NO,67.0953,15.3878,48.88,93,100,2.37,overcast clouds
4,Iquitos,PE,-3.7481,-73.2472,78.84,89,40,4.61,scattered clouds
5,Saint George,US,37.1041,-113.5841,94.62,28,0,8.05,clear sky
6,Dingle,PH,10.9995,122.6711,83.93,75,56,7.74,broken clouds
7,Haines Junction,CA,60.7522,-137.5108,54.25,46,100,5.14,overcast clouds
8,Eslamshahr,IR,35.5605,51.2346,72.84,37,40,11.5,scattered clouds
9,Awjilah,LY,29.1081,21.2869,79.99,45,0,8.79,clear sky
10,Aracati,BR,-4.5617,-37.7697,77.63,78,96,14.85,overcast clouds
11,Corowa,AU,-36.0333,146.3833,55.58,86,91,10.27,overcast clouds
12,Mahebourg,MU,-20.4081,57.7,67.24,75,6,12.71,clear sky
13,Mackay,AU,-21.15,149.2,78.67,69,1,10.4,clear sky
14,Sibolga,ID,1.7427,98.7792,80.01,77,99,1.1,overcast clouds
15,Norman Wells,CA,65.282,-126.8329,53.19,60,97,5.68,overcast clouds
16,Lypova Dolyna,UA,50.5643,33.7979,48.79,67,99,6.73,overcast clouds
17,Avarua,CK,-21.2078,-159.775,77.05,73,40,11.5,scattered clouds
18,Guerrero Negro,MX,27.9769,-114.0611,77.85,74,0,12.95,clear sky
19,Provideniya,RU,64.3833,-173.3,46.51,93,100,17.9,light intensity shower rain
20,Yabelo,ET,4.8833,38.0833,62.62,63,98,9.57,overcast clouds
21,Ayan,RU,56.45,138.1667,52.61,62,100,3.91,overcast clouds
22,Iqaluit,CA,63.7506,-68.5145,43.7,81,100,5.99,overcast clouds
23,Pisco,PE,-13.7,-76.2167,61.02,82,15,16.11,mist
24,East London,ZA,-33.0153,27.9116,59.65,74,100,16.71,light rain
25,Kawalu,ID,-7.3817,108.2082,76.75,85,69,2.26,broken clouds
26,Banda Aceh,ID,5.5577,95.3222,80.98,75,100,6.15,overcast clouds
27,Sampang,ID,-7.1872,113.2394,83.01,69,99,9.91,overcast clouds
28,Iquique,CL,-20.2208,-70.1431,59.04,76,30,6.31,scattered clouds
29,Rikitea,PF,-23.1203,-134.9692,72.64,74,8,4.23,light rain
30,Ormara,PK,25.2088,64.6357,80.33,88,100,15.77,overcast clouds
31,Georgiyevka,KZ,43.0369,74.7114,46.44,66,0,4.47,clear sky
32,Klaksvik,FO,62.2266,-6.589,47.32,91,33,6.78,scattered clouds
33,Yanam,IN,16.7333,82.2167,75.74,94,100,6.46,moderate rain
34,Lagoa,PT,39.05,-27.9833,72.16,78,100,22.73,overcast clouds
35,Grand Gaube,MU,-20.0064,57.6608,67.37,75,12,4.0,few clouds
36,Vaini,TO,-21.2,-175.2,82.56,69,20,8.05,few clouds
37,Busselton,AU,-33.65,115.3333,63.93,79,7,13.0,clear sky
38,Hofn,IS,64.2539,-15.2082,51.55,74,80,9.62,broken clouds
39,Kyzyl,RU,51.7,94.45,61.27,34,100,1.16,overcast clouds
40,Ornskoldsvik,SE,63.2909,18.7153,36.55,100,100,4.61,overcast clouds
41,Pacific Grove,US,36.6177,-121.9166,80.46,70,0,8.05,clear sky
42,Ocos,GT,14.5094,-92.1933,75.38,78,99,2.04,overcast clouds
43,Chuy,UY,-33.6971,-53.4616,48.99,86,100,3.51,overcast clouds
44,Richards Bay,ZA,-28.783,32.0377,65.61,80,100,13.47,light rain
45,Carnarvon,AU,-24.8667,113.6333,68.38,61,39,4.43,scattered clouds
46,Mago,RU,53.2514,140.1822,49.35,90,100,8.39,overcast clouds
47,Narsaq,GL,60.9167,-46.05,44.82,88,100,4.74,overcast clouds
48,Harper,LR,4.375,-7.7169,74.7,89,98,8.55,overcast clouds
49,Mataura,NZ,-46.1927,168.8643,58.6,50,100,3.02,light rain
50,Bluff,NZ,-46.6,168.3333,53.28,68,100,7.83,overcast clouds
51,Cabo San Lucas,MX,22.8909,-109.9124,85.6,70,20,12.66,few clouds
52,Port Alfred,ZA,-33.5906,26.891,55.18,93,100,4.0,light rain
53,Alta Floresta,BR,-9.8756,-56.0861,81.09,27,8,1.54,clear sky
54,Gorontalo,ID,0.5412,123.0595,85.39,67,28,0.29,scattered clouds
55,Karpathos,GR,35.507,27.2132,75.16,88,1,10.36,clear sky
56,Kodiak,US,57.79,-152.4072,56.71,72,75,9.22,broken clouds
57,Ushuaia,AR,-54.8,-68.3,40.66,70,40,18.41,scattered clouds
58,Khor,RU,47.8861,134.9464,67.71,71,100,3.91,overcast clouds
59,Itoman,JP,26.1247,127.6694,86.02,79,75,18.41,broken clouds
60,Qaanaaq,GL,77.484,-69.3632,36.91,98,100,6.8,overcast clouds
61,Albany,US,42.6001,-73.9662,66.88,88,100,3.51,overcast clouds
62,Pangkalanbuun,ID,-2.6833,111.6167,81.82,77,70,3.33,broken clouds
63,Port Moresby,PG,-9.4431,147.1797,84.15,70,58,3.94,broken clouds
64,Te Anau,NZ,-45.4167,167.7167,48.09,84,100,3.94,light rain
65,Alappuzha,IN,9.49,76.3264,77.0,85,100,4.74,overcast clouds
66,Margate,GB,51.3813,1.3862,65.89,92,70,3.0,broken clouds
67,Cherskiy,RU,68.75,161.3,44.91,72,84,7.99,broken clouds
68,Dikson,RU,73.5069,80.5464,38.39,96,100,15.43,light rain
69,Insar,RU,53.8653,44.3738,45.63,66,100,7.2,overcast clouds
70,Ondjiva,AO,-17.0667,15.7333,65.48,19,1,7.47,clear sky
71,Sitka,US,57.0531,-135.33,60.69,63,75,18.41,broken clouds
72,Khatanga,RU,71.9667,102.5,35.02,71,25,5.73,scattered clouds
73,Hobart,AU,-42.8794,147.3294,49.05,62,40,14.97,scattered clouds
74,New Norfolk,AU,-42.7826,147.0587,48.7,77,48,3.0,light rain
75,Codrington,AU,-38.2667,141.9667,52.66,69,24,13.58,few clouds
76,Bredasdorp,ZA,-34.5322,20.0403,45.36,82,8,3.29,clear sky
77,San Patricio,US,28.017,-97.5169,84.9,62,4,9.17,clear sky
78,Zaraza,VE,9.3503,-65.3245,76.28,87,88,7.81,overcast clouds
79,Lagdo,CM,9.05,13.7333,71.49,92,66,4.14,broken clouds
80,Esperance,AU,-33.8667,121.9,63.03,57,89,21.16,overcast clouds
81,Waihi Beach,NZ,-37.4,175.9333,64.9,79,50,10.0,scattered clouds
82,Mar Del Plata,AR,-38.0023,-57.5575,55.09,77,0,17.0,clear sky
83,San Pedro,PH,14.35,121.0167,85.32,79,40,9.22,scattered clouds
84,Rawson,AR,-43.3002,-65.1023,52.16,60,91,4.99,overcast clouds
85,Leningradskiy,RU,69.3833,178.4167,42.93,73,5,12.35,clear sky
86,Port Elizabeth,ZA,-33.918,25.5701,54.32,96,75,3.44,light rain
87,Tasiilaq,GL,65.6145,-37.6368,41.16,77,100,10.78,overcast clouds
88,Shimoda,JP,34.6667,138.95,79.11,66,100,18.01,overcast clouds
89,Bure,ET,10.7,37.0667,53.29,95,43,2.75,scattered clouds
90,Nikolskoye,RU,59.7035,30.7861,47.88,84,100,4.59,overcast clouds
91,Leh,IN,34.1667,77.5833,52.52,62,8,6.33,clear sky
92,San Vicente,AR,-26.6167,-54.1333,58.03,99,100,1.79,overcast clouds
93,Fortuna,US,40.5982,-124.1573,70.93,81,59,1.01,broken clouds
94,La Esperanza,GT,14.8667,-91.5667,56.07,99,100,1.99,overcast clouds
95,Verkhnyaya Inta,RU,65.9811,60.3094,42.93,95,100,12.64,overcast clouds
96,Versalles,FR,48.8,2.1333,60.46,91,0,5.75,clear sky
97,Morondava,MG,-20.2833,44.2833,68.59,64,0,8.61,clear sky
98,Arraial Do Cabo,BR,-22.9661,-42.0278,67.3,72,99,5.57,overcast clouds
99,Kapaa,US,22.0752,-159.319,82.38,78,75,5.75,broken clouds
100,Qandala,SO,11.472,49.8728,87.31,65,100,2.75,overcast clouds
101,Kruisfontein,ZA,-34.0033,24.7314,51.89,62,99,11.74,overcast clouds
102,Souillac,MU,-20.5167,57.5167,68.38,88,75,6.91,broken clouds
103,Punta Arenas,CL,-53.15,-70.9167,39.31,75,40,2.3,scattered clouds
104,Mount Isa,AU,-20.7333,139.5,78.57,27,95,9.22,overcast clouds
105,Bagdarin,RU,54.4333,113.6,47.8,70,32,3.22,scattered clouds
106,Nkowakowa,ZA,-23.8878,30.2871,67.57,25,0,3.47,clear sky
107,Nemuro,JP,43.3236,145.575,65.61,81,59,9.89,broken clouds
108,Tuktoyaktuk,CA,69.4541,-133.0374,39.2,87,100,3.44,overcast clouds
109,Sao Joao Da Barra,BR,-21.6403,-41.0511,68.27,74,100,8.77,overcast clouds
110,Hermanus,ZA,-34.4187,19.2345,47.8,67,31,3.87,scattered clouds
111,Elko,US,41.0002,-115.5012,89.64,10,43,3.0,scattered clouds
112,Cidreira,BR,-30.1811,-50.2056,56.77,73,52,13.22,broken clouds
113,Heihe,CN,50.2441,127.4902,52.38,91,100,8.77,overcast clouds
114,Avera,US,33.194,-82.5271,77.05,92,100,6.04,overcast clouds
115,Ilulissat,GL,69.2167,-51.1,46.42,87,100,6.91,drizzle
116,Puerto Ayora,EC,-0.7393,-90.3518,66.54,90,82,3.0,broken clouds
117,Phibun Mangsahan,TH,15.2447,105.2291,78.85,85,17,5.7,few clouds
118,Jiangkou,CN,25.4872,119.1986,86.02,51,36,6.17,scattered clouds
119,Oranjemund,NA,-28.55,16.4333,53.28,78,100,17.96,overcast clouds
120,Alassio,IT,44.0039,8.1671,73.49,75,0,4.0,clear sky
121,Jamestown,US,42.097,-79.2353,69.03,76,100,3.44,overcast clouds
122,Ancud,CL,-41.8697,-73.8203,47.23,88,98,4.36,overcast clouds
123,Aklavik,CA,68.2191,-135.0107,43.68,89,100,4.81,overcast clouds
124,Rio Grande,BR,-32.035,-52.0986,49.95,85,5,6.85,clear sky
125,Atuona,PF,-9.8,-139.0333,77.02,69,0,15.84,clear sky
126,Luderitz,NA,-26.6481,15.1594,57.09,69,95,23.42,overcast clouds
127,Upernavik,GL,72.7868,-56.1549,40.14,95,100,6.87,overcast clouds
128,Anloga,GH,5.7947,0.8973,76.51,83,58,12.53,broken clouds
129,Kariba,ZW,-16.5167,28.8,69.46,41,0,3.4,clear sky
130,Sinnamary,GF,5.3833,-52.95,78.73,84,8,6.08,clear sky
131,Bapatla,IN,15.9,80.4667,78.94,78,100,13.98,overcast clouds
132,Bambous Virieux,MU,-20.3428,57.7575,68.25,88,75,6.91,broken clouds
133,Cape Town,ZA,-33.9258,18.4232,56.37,73,4,4.0,clear sky
134,Lithakia,GR,37.7167,20.8333,74.57,73,0,15.68,clear sky
135,Tiksi,RU,71.6872,128.8694,37.22,75,86,14.81,overcast clouds
136,Namibe,AO,-15.1961,12.1522,63.23,87,98,7.96,overcast clouds
137,Jumla,NP,29.2747,82.1838,60.01,93,95,0.81,overcast clouds
138,Bestobe,KZ,52.4994,73.0975,43.05,77,16,14.94,few clouds
139,Florida,US,28.7505,-82.5001,79.92,86,0,0.0,clear sky
140,Laguna,US,38.421,-121.4238,94.32,22,0,8.05,clear sky
141,Barbastro,ES,42.0356,0.1269,73.94,67,89,5.84,overcast clouds
142,Severo-Kurilsk,RU,50.6789,156.125,56.55,79,45,10.02,scattered clouds
143,Sosnovo-Ozerskoye,RU,52.5249,111.5418,52.52,54,57,3.8,broken clouds
144,Sao Filipe,CV,14.8961,-24.4956,77.27,82,26,12.48,scattered clouds
145,Hilo,US,19.7297,-155.09,85.73,71,40,13.8,scattered clouds
146,Kharp,RU,66.8014,65.8081,38.89,94,100,7.38,overcast clouds
147,Nome,US,64.5011,-165.4064,51.87,93,100,19.57,moderate rain
148,Atar,MR,20.5169,-13.0499,94.1,34,88,5.19,overcast clouds
149,Georgetown,MY,5.4112,100.3354,82.89,80,20,2.3,few clouds
150,Los Llanos De Aridane,ES,28.6585,-17.9182,71.35,77,0,3.0,clear sky
151,Kahului,US,20.8947,-156.47,84.22,71,40,18.41,scattered clouds
152,Barrow,US,71.2906,-156.7887,37.42,93,100,17.27,mist
153,Araouane,ML,18.9048,-3.5265,95.92,27,12,9.55,few clouds
154,Camacha,PT,33.0833,-16.3333,71.02,83,75,14.97,broken clouds
155,Victoria,HK,22.2855,114.1577,89.26,77,11,8.01,few clouds
156,Frederico Westphalen,BR,-27.3592,-53.3944,57.43,96,76,2.1,broken clouds
157,Nehe,CN,48.4833,124.8333,63.66,63,92,12.37,overcast clouds
158,Prisacani,RO,47.0833,27.8833,58.53,94,11,4.45,few clouds
159,Paita,PE,-5.0892,-81.1144,63.99,80,2,16.98,clear sky
160,Yellowknife,CA,62.456,-114.3525,46.92,76,100,11.5,overcast clouds
161,Saldanha,ZA,-33.0117,17.9442,54.14,73,1,14.67,clear sky
162,Saint-Augustin,CA,51.226,-58.6502,54.86,80,0,7.96,clear sky
163,Sungairaya,ID,0.7,108.9,80.91,79,95,1.25,overcast clouds
164,Sarab,IR,38.6066,44.9883,60.49,66,0,0.94,clear sky
165,Ribeira Grande,PT,38.5167,-28.7,72.95,78,100,19.69,overcast clouds
166,Nanortalik,GL,60.1432,-45.2371,43.05,94,99,8.7,overcast clouds
167,Sheridan,US,44.8333,-106.9173,77.02,35,0,3.44,clear sky
168,Husavik,IS,66.0449,-17.3389,47.34,94,100,2.8,overcast clouds
169,Skorodnoye,RU,51.071,37.2276,56.3,33,100,16.15,overcast clouds
170,Anito,PH,12.4497,125.2886,86.27,67,100,9.55,overcast clouds
171,Praya,CV,14.9215,-23.5087,78.04,82,5,11.72,clear sky
172,Alcaniz,ES,41.05,-0.1333,76.95,63,100,5.3,overcast clouds
173,Touros,BR,-5.1989,-35.4608,76.91,77,38,15.61,scattered clouds
174,Fartura,BR,-23.3883,-49.51,58.32,83,100,10.96,overcast clouds
175,Asau,RO,46.4333,26.4,54.52,91,44,5.57,scattered clouds
176,Chicama,PE,-7.8447,-79.1469,59.54,82,99,7.34,overcast clouds
177,Tucumcari,US,35.1717,-103.725,71.44,56,0,9.22,clear sky
178,Saint-Philippe,RE,-21.3585,55.7679,63.99,78,40,9.04,scattered clouds
179,Ixtapa,MX,20.7,-105.2,83.43,84,100,4.61,overcast clouds
180,Beringovskiy,RU,63.05,179.3167,46.65,75,60,18.97,broken clouds
181,Los Alamos,US,35.8881,-106.307,70.36,44,40,13.8,light rain
182,Hithadhoo,MV,-0.6,73.0833,81.61,72,45,12.75,scattered clouds
183,Blagodatnoye,RU,45.3997,42.5867,59.92,78,74,15.95,broken clouds
184,Menongue,AO,-14.6585,17.691,58.32,25,5,3.04,clear sky
185,Butaritari,KI,3.0707,172.7902,81.7,73,14,13.15,few clouds
186,Prince George,CA,53.9166,-122.753,78.62,30,0,5.75,clear sky
187,Lake Charles,US,30.2131,-93.2044,83.01,72,0,5.75,clear sky
188,Bathsheba,BB,13.2167,-59.5167,83.01,78,40,9.22,scattered clouds
189,Bogorodskoye,RU,56.55,37.8833,45.59,67,100,5.21,overcast clouds
190,Chokurdakh,RU,70.6333,147.9167,41.14,70,100,8.75,overcast clouds
191,Stornoway,GB,58.2093,-6.3865,51.76,94,100,3.0,overcast clouds
192,Cap-Aux-Meules,CA,47.3821,-61.8597,62.65,82,0,11.5,clear sky
193,Najran,SA,17.4924,44.1277,75.85,25,26,2.01,scattered clouds
194,Alyangula,AU,-13.8483,136.4192,81.75,71,52,5.37,broken clouds
195,Hasaki,JP,35.7333,140.8333,82.29,82,57,17.6,broken clouds
196,Taoudenni,ML,22.6783,-3.9836,96.87,15,34,6.44,scattered clouds
197,Lebu,CL,-37.6167,-73.65,48.27,88,68,3.83,broken clouds
198,Pevek,RU,69.7008,170.3133,40.59,73,6,4.23,clear sky
199,Lima,PE,-12.0432,-77.0282,60.91,80,100,12.66,overcast clouds
200,Port Barton,PH,10.4756,119.2472,83.7,74,88,4.5,overcast clouds
201,Saravan,AM,39.7196,45.6483,55.72,50,0,4.41,clear sky
202,Thompson,CA,55.7435,-97.8558,60.96,51,40,3.44,scattered clouds
203,Lewistown,US,40.5992,-77.5714,71.19,97,100,0.0,overcast clouds
204,Dandong,CN,40.1292,124.3947,72.21,75,0,1.74,clear sky
205,Vestmannaeyjar,IS,63.4427,-20.2734,49.96,80,92,11.92,overcast clouds
206,Abong Mbang,CM,3.9833,13.1833,65.95,99,100,4.21,overcast clouds
207,Dulce Grande,MX,23.0,-102.1667,69.44,47,100,4.72,overcast clouds
208,Lafia,NG,8.4833,8.5167,71.28,98,94,2.33,overcast clouds
209,Mahibadhoo,MV,3.7833,72.9667,81.36,74,65,12.66,broken clouds
210,Ponta Do Sol,PT,32.6667,-17.1,76.01,92,100,13.13,light rain
211,Brae,GB,60.3964,-1.353,55.92,96,100,11.32,light rain
212,Golden,US,39.7555,-105.2211,73.87,38,0,0.0,clear sky
213,Alice Springs,AU,-23.7,133.8833,63.95,63,0,10.36,clear sky
214,Coihaique,CL,-45.5752,-72.0662,46.35,71,100,2.3,overcast clouds
215,Saint-Pierre,RE,-21.3393,55.4781,72.57,55,0,5.75,clear sky
216,Roald,NO,62.5833,6.1333,56.75,93,75,4.61,broken clouds
217,La Rioja,ES,42.25,-2.5,69.58,44,86,10.36,overcast clouds
218,Pio Ix,BR,-6.8375,-40.5792,76.28,37,63,6.49,broken clouds
219,Olafsvik,IS,64.8945,-23.7142,48.92,60,100,5.44,overcast clouds
220,Portland,US,45.5234,-122.6762,82.36,38,100,3.44,overcast clouds
221,Katobu,ID,-4.9408,122.5276,83.43,61,100,6.11,overcast clouds
222,Algiers,DZ,36.7525,3.042,71.42,68,0,3.44,clear sky
223,Puerto Madero,MX,14.7208,-92.4215,75.4,100,100,3.44,overcast clouds
224,Zhangjiakou,CN,40.81,114.8794,69.98,60,0,2.21,clear sky
225,Hami,CN,42.8,93.45,81.66,15,0,3.83,clear sky
226,Chumikan,RU,54.7183,135.315,45.12,92,100,14.36,moderate rain
227,Flinders,AU,-34.5833,150.8552,68.05,49,6,7.0,clear sky
228,Mount Gambier,AU,-37.8333,140.7667,52.57,56,37,7.2,scattered clouds
229,Cabedelo,BR,-6.9811,-34.8339,74.07,80,24,12.53,few clouds
230,North Platte,US,41.1239,-100.7654,70.25,47,0,5.01,clear sky
231,Comodoro Rivadavia,AR,-45.8667,-67.5,58.86,41,0,14.97,clear sky
232,Surenavan,AM,39.75,44.8,63.72,55,0,3.09,clear sky
233,Padang,ID,-0.9492,100.3543,78.85,72,100,3.18,overcast clouds
234,Mombetsu,JP,44.3525,143.3525,71.62,68,75,4.61,broken clouds
235,Kalabo,ZM,-14.97,22.6814,63.19,19,0,5.03,clear sky
236,Hokitika,NZ,-42.7167,170.9667,52.07,80,100,3.62,overcast clouds
237,Airai,TL,-8.9266,125.4092,74.35,34,79,3.51,broken clouds
238,Nalut,LY,30.3333,10.85,85.68,23,78,5.01,broken clouds
239,Chipinge,ZW,-20.1883,32.6236,57.72,49,0,3.33,clear sky
240,Naryan-Mar,RU,67.6713,53.087,42.17,94,100,10.33,light rain
241,Sembakung,ID,3.8167,117.25,82.27,72,100,1.28,overcast clouds
242,Okhotsk,RU,59.3833,143.3,51.94,44,0,17.72,clear sky
243,Saskylakh,RU,71.9167,114.0833,36.21,75,41,8.81,scattered clouds
244,Kuytun,RU,54.3419,101.5036,49.86,70,100,5.53,overcast clouds
245,San Quintin,MX,30.4833,-115.95,75.31,81,39,3.89,scattered clouds
246,Port-Gentil,GA,-0.7193,8.7815,74.75,84,100,11.9,overcast clouds
247,Casablanca,MA,33.5928,-7.6192,73.33,83,100,4.0,overcast clouds
248,Diamantino,BR,-14.4086,-56.4461,84.22,23,9,5.01,clear sky
249,Ossora,RU,59.2353,163.0719,54.68,68,98,8.41,overcast clouds
250,Portobelo,PA,9.55,-79.65,79.72,88,100,8.05,overcast clouds
251,Tessalit,ML,20.1986,1.0114,92.57,12,52,8.68,broken clouds
252,Fort Nelson,CA,58.8053,-122.7002,62.19,29,75,10.36,broken clouds
253,Tambura,SS,5.6,27.4667,67.35,97,79,4.65,broken clouds
254,Moerai,PF,-22.4333,-151.3333,73.51,80,15,15.5,few clouds
255,Bobrovytsya,UA,50.75,31.3833,50.2,98,98,7.56,overcast clouds
256,Deputatskiy,RU,69.3,139.9,34.36,81,100,5.06,overcast clouds
257,Kemijarvi,FI,66.7131,27.4306,46.76,92,100,6.53,overcast clouds
258,Aurillac,FR,44.9167,2.45,58.08,58,0,10.36,clear sky
259,Churapcha,RU,62.0025,132.4325,39.88,90,99,5.7,light rain
260,Kavaratti,IN,10.5669,72.642,80.26,82,100,18.97,overcast clouds
261,Constitucion,CL,-35.3333,-72.4167,51.17,75,94,3.98,overcast clouds
262,America Dourada,BR,-11.4553,-41.4361,72.21,43,22,11.1,few clouds
263,Torbay,CA,47.6666,-52.7314,59.76,97,100,18.41,heavy intensity rain
264,Islamkot,PK,24.6997,70.177,82.63,73,100,7.72,overcast clouds
265,Pindiga,NG,9.9833,10.9333,69.31,96,6,5.93,clear sky
266,Naze,JP,28.3667,129.4833,85.12,84,87,15.03,overcast clouds
267,Tulsipur,NP,28.131,82.2973,73.49,84,11,2.37,few clouds
268,Zhigansk,RU,66.7697,123.3711,38.89,78,52,9.82,broken clouds
269,Mitsamiouli,KM,-11.3847,43.2844,74.01,73,15,2.51,few clouds
270,Madang,PG,-5.2246,145.7966,81.27,80,100,4.29,overcast clouds
271,Burns Lake,CA,54.2331,-125.7533,72.82,30,11,4.85,few clouds
272,Poum,NC,-20.2333,164.0167,77.38,79,4,10.38,clear sky
273,Lexington,US,37.9887,-84.4777,73.4,93,100,9.22,light rain
274,Murray Bridge,AU,-35.1167,139.2667,55.13,74,100,6.38,overcast clouds
275,Babag,PH,7.7311,126.0708,84.04,71,94,3.13,overcast clouds
276,Barkot,IN,30.8167,78.2,65.44,91,28,3.53,scattered clouds
277,Labuhan,ID,-6.8844,112.2051,81.99,71,79,6.71,broken clouds
278,Port Keats,AU,-14.25,129.55,89.37,45,0,2.82,clear sky
279,Ko Samui,TH,9.5357,99.9357,80.51,89,20,0.0,moderate rain
280,Srivardhan,IN,18.0333,73.0167,77.83,93,100,7.4,overcast clouds
281,Gouyave,GD,12.1646,-61.7296,81.37,78,20,3.44,few clouds
282,Kieta,PG,-6.2167,155.6333,84.16,65,5,4.07,clear sky
283,Bethel,US,41.3712,-73.414,67.17,88,100,4.61,overcast clouds
284,Charlestown,AU,-32.95,151.6667,66.11,52,0,3.0,clear sky
285,Cotonou,BJ,6.3654,2.4183,76.53,89,96,11.97,light rain
286,Yumen,CN,40.2833,97.2,65.89,26,0,11.61,clear sky
287,Grindavik,IS,63.8424,-22.4338,46.87,81,0,6.91,clear sky
288,Grand-Santi,GF,4.25,-54.3833,72.09,97,50,2.77,scattered clouds
289,Katsuura,JP,35.1333,140.3,78.21,82,97,19.08,overcast clouds
290,Boa Vista,BR,2.8197,-60.6733,80.58,86,40,10.36,scattered clouds
291,Westport,US,41.1415,-73.3579,68.43,89,100,3.44,overcast clouds
292,Byron Bay,AU,-28.65,153.6167,69.94,58,100,2.71,overcast clouds
293,Ust-Nera,RU,64.5667,143.2,39.04,67,100,4.43,overcast clouds
294,Ulety,RU,51.3572,112.4849,56.3,61,94,3.09,overcast clouds
295,Flin Flon,CA,54.7682,-101.865,62.73,34,0,3.29,clear sky
296,Thunder Bay,CA,48.4001,-89.3168,57.18,82,20,2.3,few clouds
297,Kaeo,NZ,-35.1,173.7833,60.91,86,62,16.22,broken clouds
298,Hobyo,SO,5.3505,48.5268,75.92,88,69,21.79,broken clouds
299,Boddam,GB,57.4667,-1.7833,58.48,97,100,21.45,overcast clouds
300,Petrolina,BR,-9.3986,-40.5008,78.85,36,0,8.05,clear sky
301,Kaitangata,NZ,-46.2817,169.8464,56.62,51,100,2.08,light rain
302,Bengkulu,ID,-3.8004,102.2655,78.28,75,99,2.71,overcast clouds
303,Talnakh,RU,69.4865,88.3972,38.21,92,100,12.17,light rain
304,Clyde River,CA,70.4692,-68.5914,37.63,100,100,6.91,mist
305,Port Lincoln,AU,-34.7333,135.8667,54.48,82,100,8.37,overcast clouds
306,Suntar,RU,62.1444,117.6319,48.54,65,100,5.86,overcast clouds
307,Faanui,PF,-16.4833,-151.75,79.12,69,2,15.19,clear sky
308,Lardos,GR,36.0942,28.0157,77.95,76,0,9.91,clear sky
309,Rafai,CF,4.95,23.9167,67.3,99,98,2.82,overcast clouds
310,Cocachacra,PE,-17.0883,-71.7575,58.87,84,100,5.26,overcast clouds
311,Saurimo,AO,-9.6608,20.3916,68.83,64,24,4.34,few clouds
312,Evanston,US,42.0411,-87.6901,60.91,92,100,16.11,overcast clouds
313,Joensuu,FI,62.6012,29.7632,48.69,87,0,2.3,clear sky
314,Fairbanks,US,64.8378,-147.7164,62.94,51,100,5.75,overcast clouds
315,Hearst,CA,49.6835,-83.6665,50.25,73,50,0.85,scattered clouds
316,Mogadishu,SO,2.0371,45.3438,75.87,86,76,15.08,broken clouds
317,Ostrovnoy,RU,68.0531,39.5131,47.55,96,100,4.38,moderate rain
318,Loreto,MX,22.2667,-101.9667,67.86,49,64,16.53,broken clouds
319,Erpeli,RU,42.8058,46.9773,54.72,69,0,5.41,clear sky
320,Linares,CL,-35.85,-71.6,50.47,79,100,0.47,overcast clouds
321,Umirim,BR,-3.6772,-39.3503,76.12,81,91,7.72,overcast clouds
322,Salcininkai,LT,54.3,25.3833,50.09,98,100,9.46,overcast clouds
323,Mikhaylovka,RU,50.06,43.2379,53.71,45,100,12.17,overcast clouds
324,Daitari,IN,21.1,85.75,74.07,93,100,3.2,moderate rain
325,Kushiro,JP,42.975,144.3747,70.75,83,75,9.22,broken clouds
326,Roma,US,43.2128,-75.4557,66.38,94,100,4.61,overcast clouds
327,Lasa,IT,46.6166,10.7002,56.28,74,0,2.73,clear sky
328,Namatanai,PG,-3.6667,152.4333,84.56,57,68,8.97,broken clouds
329,Myanaung,MM,18.2833,95.3167,75.67,94,100,4.12,overcast clouds
330,Yelovo,RU,57.0538,54.9207,46.49,90,100,3.4,overcast clouds
331,Carutapera,BR,-1.195,-46.02,78.51,81,8,7.2,clear sky
332,Srednekolymsk,RU,67.45,153.6833,41.49,89,100,10.83,overcast clouds
333,Kavieng,PG,-2.5744,150.7967,84.43,62,28,15.14,scattered clouds
334,Gunjur,GM,13.2019,-16.7339,80.26,81,100,7.16,light rain
335,Nyahururu,KE,0.0421,36.3673,50.92,81,72,3.6,broken clouds
336,Chapais,CA,49.7834,-74.8492,62.38,93,100,4.83,overcast clouds
337,Lisakovsk,KZ,52.5369,62.4936,43.59,76,50,4.7,scattered clouds
338,Colares,PT,38.7992,-9.4469,72.34,80,100,11.99,light rain
339,Winslow,US,35.0242,-110.6974,80.78,41,0,12.66,clear sky
340,Nuuk,GL,64.1835,-51.7216,48.81,76,20,29.93,few clouds
341,Kuching,MY,1.55,110.3333,80.82,83,20,1.99,few clouds
342,Gigmoto,PH,13.7796,124.39,84.81,73,100,7.63,overcast clouds
343,Valparaiso,CL,-33.0393,-71.6273,54.48,100,20,3.44,few clouds
344,Nazret,ET,8.55,39.2667,59.43,91,88,4.83,light rain
345,Martapura,ID,-3.4167,114.85,82.49,78,0,4.61,clear sky
346,Lamar,US,33.6668,-95.5836,73.63,57,0,4.61,clear sky
347,Hovd,MN,48.0056,91.6419,63.91,34,50,6.78,scattered clouds
348,Isangel,VU,-19.55,169.2667,86.11,66,40,6.91,scattered clouds
349,Tazovskiy,RU,67.4667,78.7,39.99,96,100,13.94,light rain
350,Outram,MY,1.2829,103.8379,84.18,74,75,4.61,broken clouds
351,Hamilton,US,39.1834,-84.5333,72.23,94,100,8.05,overcast clouds
352,Abha,SA,18.2164,42.5053,64.65,22,0,0.0,clear sky
353,North Bend,US,43.4065,-124.2243,67.24,77,100,4.61,overcast clouds
354,Gayny,RU,60.3071,54.3241,42.48,95,99,2.66,overcast clouds
355,Yaan,NG,7.3833,8.5667,70.38,97,99,4.23,overcast clouds
356,Atkinson,US,42.8384,-71.147,71.31,80,0,4.61,clear sky
357,Zambezi,ZM,-13.5432,23.1047,59.31,28,0,4.03,clear sky
358,Muncar,ID,-8.4333,114.3333,80.33,77,100,4.47,overcast clouds
359,Kisangani,CD,0.5167,25.2,69.94,98,97,2.24,overcast clouds
360,Jieshi,CN,22.8134,115.8257,81.97,74,1,3.06,clear sky
361,Malanje,AO,-9.5402,16.341,64.09,79,8,7.52,clear sky
362,Emba,KZ,48.8264,58.1442,47.68,57,0,4.65,clear sky
363,Boende,CD,-0.2167,20.8667,69.76,97,100,2.24,overcast clouds
364,Fare,PF,-16.7,-151.0167,79.18,68,0,16.28,clear sky
365,Vardo,NO,70.3705,31.1107,44.58,93,100,6.91,overcast clouds
366,Morant Bay,JM,17.8815,-76.4093,83.82,84,41,4.5,scattered clouds
367,Nancha,CN,47.1333,129.2667,74.7,71,23,1.9,few clouds
368,Kilindoni,TZ,-7.9139,39.6668,74.79,77,5,11.63,clear sky
369,Wajima,JP,37.4,136.9,83.08,78,75,4.61,broken clouds
370,Castro,BR,-24.7911,-50.0119,53.82,97,99,7.96,overcast clouds
371,Tura,IN,25.5198,90.2201,73.62,93,100,6.02,overcast clouds
372,Hukuntsi,BW,-24.0,21.75,61.16,27,3,8.95,clear sky
373,Inhambane,MZ,-23.865,35.3833,68.23,90,0,8.28,clear sky
374,Vostok,RU,46.4856,135.8833,70.61,51,51,1.88,broken clouds
375,Beloha,MG,-25.1667,45.05,64.71,60,0,4.32,clear sky
376,Eunice,US,30.4944,-92.4176,80.98,81,98,4.12,overcast clouds
377,Madridejos,ES,39.4682,-3.532,74.66,45,93,13.02,overcast clouds
378,Bowen,AU,-20.0167,148.2333,74.48,62,1,10.49,clear sky
379,Uitenhage,ZA,-33.7576,25.3971,53.64,79,100,7.2,light rain
380,Namtsy,RU,62.7161,129.6658,45.41,68,100,4.09,overcast clouds
381,Maragogi,BR,-9.0122,-35.2225,73.38,79,100,7.05,overcast clouds
382,Upington,ZA,-28.4478,21.2561,53.98,58,0,6.91,clear sky
383,Gwadar,PK,25.1216,62.3254,80.56,87,16,8.86,few clouds
384,Shieli,KZ,44.1667,66.75,51.37,62,2,8.1,clear sky
385,Abu Kamal,SY,34.4506,40.9171,84.78,24,0,5.64,clear sky
386,Saint-Francois,FR,46.4154,3.9054,53.67,94,0,3.44,clear sky
387,Yanacancha,PE,-10.2411,-76.6456,44.64,81,97,3.38,overcast clouds
388,Tuatapere,NZ,-46.1333,167.6833,53.74,72,100,5.82,overcast clouds
389,Eyemouth,GB,55.8713,-2.0901,63.23,92,100,13.53,overcast clouds
390,Bell Ville,AR,-32.6259,-62.6887,56.66,35,0,8.05,clear sky
391,Vestmanna,FO,62.1564,-7.1664,45.52,100,100,1.14,overcast clouds
392,Francisco Beltrao,BR,-26.0811,-53.055,62.08,97,100,2.37,light rain
393,Gazli,UZ,40.1333,63.45,57.49,43,0,13.27,clear sky
394,Coquimbo,CL,-29.9533,-71.3436,53.33,76,0,3.44,clear sky
395,Caravelas,BR,-17.7125,-39.2481,69.57,77,47,3.44,scattered clouds
396,Lorengau,PG,-2.0226,147.2712,82.85,74,28,9.55,scattered clouds
397,Marsh Harbour,BS,26.5412,-77.0636,84.6,68,15,7.31,few clouds
398,Shingu,JP,33.7333,135.9833,81.81,74,89,12.39,overcast clouds
399,Erenhot,CN,43.6475,111.9767,68.86,43,0,13.18,clear sky
400,Bandarbeyla,SO,9.4942,50.8122,78.35,74,100,25.19,overcast clouds
401,Weligama,LK,5.9667,80.4167,76.28,92,87,8.21,overcast clouds
402,Sao Jose Da Coroa Grande,BR,-8.8978,-35.1478,73.42,77,73,7.07,broken clouds
403,Buraydah,SA,26.326,43.975,81.05,12,0,7.0,clear sky
404,Allapalli,IN,19.4167,80.0667,74.03,98,100,4.07,heavy intensity rain
405,Kuusamo,FI,65.9667,29.1833,44.64,93,0,3.44,clear sky
406,Taltal,CL,-25.4,-70.4833,56.34,74,0,4.45,clear sky
407,Mehamn,NO,71.0357,27.8492,42.71,100,100,3.44,drizzle rain
408,Ulaanbaatar,MN,47.9077,106.8832,62.73,45,20,6.71,few clouds
409,Araxa,BR,-19.5933,-46.9406,78.76,34,0,2.3,clear sky
410,Yunyang,CN,33.4474,112.7142,77.97,51,0,2.35,clear sky
411,Waitati,NZ,-45.75,170.5667,54.81,74,100,0.69,overcast clouds
412,Mantua,IT,45.1667,10.7833,67.24,81,0,1.01,clear sky
413,Ariquemes,BR,-9.9133,-63.0408,79.75,64,100,2.39,overcast clouds
414,Corpus Christi,US,27.8006,-97.3964,85.98,69,20,8.05,few clouds
415,Yulara,AU,-25.2406,130.9889,66.0,50,0,15.73,clear sky
416,Miraflores,MX,19.2167,-98.8083,70.45,84,73,3.91,broken clouds
417,Bolobo,CD,-2.1667,16.2333,73.24,81,100,3.49,overcast clouds
418,Gangapur,IN,26.4833,76.7167,79.38,80,3,6.73,clear sky
419,Amapa,BR,1.0,-52.0,74.1,77,6,3.31,clear sky
420,Sarahan,IN,31.5167,77.8,58.06,84,0,3.36,clear sky
421,Yenagoa,NG,4.9247,6.2642,74.48,94,100,3.69,light rain
422,Saint Anthony,US,45.0205,-93.218,66.74,61,0,6.91,clear sky
423,Azle,US,32.8951,-97.5459,79.16,60,0,6.91,clear sky
424,Praia,CV,14.9215,-23.5087,78.04,82,5,11.72,clear sky
425,Dongsheng,CN,39.8161,109.9776,66.07,41,0,2.91,clear sky
426,Muros,ES,42.7762,-9.0603,71.17,90,100,3.71,light rain
427,Karratha,AU,-20.7377,116.8463,74.75,45,0,4.23,clear sky
428,Humenne,SK,48.9371,21.9163,54.54,99,100,4.52,overcast clouds
429,Guaratinga,BR,-16.5667,-39.5667,63.07,86,2,0.98,clear sky
430,Bayangol,RU,50.6977,103.4656,53.31,78,59,0.22,broken clouds
431,Watsa,CD,3.0372,29.5355,64.96,98,99,2.89,overcast clouds
432,Yerbogachen,RU,61.2767,108.0108,46.38,75,22,4.07,few clouds
433,Banikoara,BJ,11.2985,2.4386,71.58,97,100,3.4,light rain
434,College,US,64.8569,-147.8028,62.92,52,75,5.75,broken clouds
435,Cayenne,GF,4.9333,-52.3333,75.24,94,0,2.3,clear sky
436,Sacele,RO,45.6174,25.6943,54.7,100,10,1.86,clear sky
437,Geraldton,AU,-28.7667,114.6,63.01,88,40,11.5,scattered clouds
438,Marianske Lazne,CZ,49.9646,12.7012,53.06,94,7,1.41,clear sky
439,Trinidad,BO,-14.8333,-64.9,80.08,37,42,4.23,scattered clouds
440,Ampanihy,MG,-24.7,44.75,64.85,67,0,4.03,clear sky
441,Cuamba,MZ,-14.8031,36.5372,69.84,57,0,6.82,clear sky
442,Niefern-Oschelbronn,DE,48.9167,8.7833,59.45,91,5,3.98,clear sky
443,Baykalsk,RU,51.5058,104.1469,57.56,77,93,6.98,overcast clouds
444,Namalenga,TZ,-10.95,39.1,63.68,97,21,1.95,few clouds
445,Yar-Sale,RU,66.8333,70.8333,42.53,76,100,11.74,overcast clouds
446,Pak Phanang,TH,8.3511,100.202,82.42,77,99,5.1,overcast clouds
447,Anadyr,RU,64.75,177.4833,48.7,66,40,11.18,scattered clouds
448,Mayor Pablo Lagerenza,PY,-19.9309,-60.7718,77.09,40,99,4.23,overcast clouds
449,Yingcheng,CN,30.95,113.55,79.86,45,4,7.94,clear sky
450,Gilgit,PK,35.9221,74.3087,68.86,72,62,1.39,broken clouds
451,Kloulklubed,PW,7.0419,134.2556,82.9,74,70,14.25,broken clouds
452,Sao Domingos,BR,-13.3983,-46.3183,76.98,20,34,5.59,scattered clouds
453,Kapuskasing,CA,49.4169,-82.4331,57.2,88,20,3.44,few clouds
454,Peniche,PT,39.3558,-9.3811,70.11,92,100,9.13,light rain
455,Evensk,RU,61.95,159.2333,54.18,53,41,3.0,scattered clouds
456,Dunmore East,IE,52.1514,-6.9861,63.32,78,100,9.35,overcast clouds
457,Pierre,US,44.3683,-100.351,73.85,37,0,4.61,clear sky
458,Kenitra,MA,34.261,-6.5802,70.56,75,98,6.33,overcast clouds
459,Kyabe,TD,9.4515,18.9449,72.3,97,100,4.68,overcast clouds
460,Caconda,AO,-13.7333,15.0667,59.23,71,5,3.67,clear sky
461,Lavrentiya,RU,65.5833,-171.0,45.23,84,100,17.52,overcast clouds
462,Batesville,US,35.7698,-91.641,70.21,66,0,0.0,clear sky
463,Komsomolskiy,UZ,40.4272,71.7189,63.32,42,63,6.91,broken clouds
464,Coari,BR,-4.085,-63.1414,80.8,50,33,1.23,scattered clouds
465,Lompoc,US,34.6391,-120.4579,81.79,68,20,12.66,few clouds
466,Berestechko,UA,50.3605,25.1107,48.0,94,100,15.03,overcast clouds
467,Nogales,MX,31.3086,-110.9422,84.43,48,20,11.5,few clouds
468,Cuenca,EC,-2.8833,-78.9833,55.53,71,20,2.3,few clouds
469,Lakes Entrance,AU,-37.8811,147.981,58.15,57,65,14.83,broken clouds
470,Bakchar,RU,57.0186,82.0711,36.21,86,100,9.93,overcast clouds
471,Petropavlovsk-Kamchatskiy,RU,53.0452,158.6483,66.79,34,0,6.71,clear sky
472,Bulawayo,ZW,-20.15,28.5833,60.4,17,0,5.64,clear sky
473,Diffa,NE,13.3154,12.6113,81.27,62,19,8.05,few clouds
474,Tual,ID,-5.6667,132.75,80.49,82,100,16.37,overcast clouds
475,Makat,KZ,47.6469,53.3463,53.83,42,23,6.82,few clouds
476,Dukat,RU,62.55,155.55,39.87,74,100,9.78,overcast clouds
477,Mangan,IN,27.5167,88.5333,75.34,82,9,1.05,clear sky
478,Boyolangu,ID,-8.1181,111.8935,79.47,79,23,1.16,few clouds
479,Zaliznychne,UA,45.7489,28.6147,63.32,63,52,9.6,broken clouds
480,Moose Factory,CA,51.2585,-80.6094,62.58,77,0,5.75,clear sky
481,Dumaguil,PH,6.62,124.6533,83.55,72,11,1.1,few clouds
482,Garissa,KE,-0.4536,39.6401,72.18,80,42,11.9,scattered clouds
483,Nandi,IN,13.3855,77.6984,71.02,88,100,16.78,overcast clouds
484,Launceston,AU,-41.45,147.1667,53.62,50,75,16.11,broken clouds
485,Lanigan,CA,51.8501,-105.0344,73.29,18,5,6.98,clear sky
486,Marsa Matruh,EG,31.3525,27.2453,76.96,83,0,13.29,clear sky
487,Vao,NC,-22.6667,167.4833,72.3,84,37,9.17,scattered clouds
488,Rosendal,NO,59.9867,6.0135,58.51,86,100,4.34,overcast clouds
489,Dengzhou,CN,37.8086,120.7508,73.22,67,0,0.85,clear sky
490,Sao Desiderio,BR,-12.3633,-44.9733,74.26,23,11,3.36,few clouds
491,Ivankiv,UA,50.9386,29.8943,51.49,94,100,6.89,light rain
492,Malacky,SK,48.436,17.0219,59.25,82,6,6.06,clear sky
493,Marienburg,PL,54.0359,19.0266,55.04,75,0,9.13,clear sky
494,Egvekinot,RU,66.3167,-179.1667,42.24,58,89,6.26,overcast clouds
495,Broome,US,42.2506,-75.833,65.86,88,100,6.91,mist
496,Muroto,JP,33.2833,134.15,81.55,74,5,14.05,clear sky
497,Cap Malheureux,MU,-19.9842,57.6142,68.47,75,9,4.0,clear sky
498,Caarapo,BR,-22.6342,-54.8222,71.29,49,6,1.28,clear sky
499,Cootamundra,AU,-34.65,148.0333,55.94,67,100,9.71,overcast clouds
500,Vila Velha,BR,-20.3297,-40.2925,69.75,84,100,11.5,overcast clouds
501,Kushmurun,KZ,52.4503,64.6311,43.12,78,34,6.08,scattered clouds
502,Altay,CN,47.8667,88.1167,59.36,73,100,2.33,overcast clouds
503,Balkanabat,TM,39.5108,54.3671,66.38,21,0,16.11,clear sky
504,Mozarlandia,BR,-14.7447,-50.5706,84.81,21,14,3.18,few clouds
505,Coromandel,BR,-18.4733,-47.2003,78.17,27,82,2.62,broken clouds
506,Voh,NC,-20.9667,164.7,82.74,65,43,4.92,scattered clouds
507,Ulaangom,MN,49.9811,92.0667,61.05,44,100,2.91,overcast clouds
508,Bonthe,SL,7.5264,-12.505,75.4,90,100,10.0,light rain
509,Puerto Del Rosario,ES,28.5004,-13.8627,74.95,78,0,4.61,clear sky
510,Emerald,AU,-23.5333,148.1667,69.35,58,98,2.73,overcast clouds
511,Buturlinovka,RU,50.8239,40.6092,55.47,41,99,14.94,overcast clouds
512,Khani,GE,41.9563,42.9566,60.37,66,0,5.26,clear sky
513,Turayf,SA,31.6725,38.6637,75.45,31,0,8.05,clear sky
514,Kudahuvadhoo,MV,2.6708,72.8944,82.02,72,10,13.73,clear sky
515,Bilibino,RU,68.0546,166.4372,48.87,75,99,4.12,overcast clouds
516,Izhmorskiy,RU,56.194,86.6414,44.15,97,100,3.27,light rain
517,Sangmelima,CM,2.9333,11.9833,65.46,100,86,2.95,overcast clouds
518,Bemidji,US,47.4736,-94.8803,57.29,82,0,0.0,clear sky
519,Grand Baie,MU,-20.0182,57.5802,68.47,75,2,3.0,clear sky
520,Awbari,LY,26.5921,12.7805,78.03,25,0,3.31,clear sky
521,Petropavlovskoye,RU,52.0712,84.107,55.53,44,6,23.2,clear sky
522,Huilong,CN,31.8111,121.655,80.92,83,100,10.36,overcast clouds
523,Vytegra,RU,61.0064,36.4481,41.83,88,13,5.19,few clouds
524,Oktyabrskiy,RU,54.4815,53.471,43.32,89,89,3.27,overcast clouds
525,Calama,CL,-22.4667,-68.9333,52.29,19,8,8.05,clear sky
526,Narrabri,AU,-30.3167,149.7833,63.52,55,48,4.0,scattered clouds
527,Novobiryusinskiy,RU,56.9578,97.7076,48.58,93,100,3.09,light rain
528,Sterling,US,39.0062,-77.4286,75.42,91,75,3.44,broken clouds
529,Uniontown,US,39.9001,-79.7164,71.94,72,100,3.98,overcast clouds
530,Sungaipenuh,ID,-2.0833,101.3833,69.89,79,98,1.77,overcast clouds
531,Banjar,ID,-8.19,114.9675,81.63,69,91,0.85,overcast clouds
532,Bilma,NE,18.6853,12.9164,88.59,16,87,7.11,overcast clouds
533,Puerto Escondido,MX,15.85,-97.0667,79.63,61,100,0.0,overcast clouds
534,Laibin,CN,23.7,109.2667,77.4,81,100,3.09,overcast clouds
535,Nouadhibou,MR,20.931,-17.0347,74.19,76,5,21.32,clear sky
536,Adamovka,RU,51.5223,59.9396,47.7,57,100,2.3,overcast clouds
537,Sobolevo,RU,54.4299,31.8996,45.07,96,100,12.73,light rain
538,Svetlogorsk,BY,52.6333,29.7333,48.22,98,100,9.98,overcast clouds
539,Ucluelet,CA,48.9329,-125.5528,64.09,81,26,7.85,scattered clouds
540,Tilichiki,RU,60.4667,166.1,46.49,88,100,4.16,overcast clouds
541,Kelvington,CA,52.1667,-103.5343,72.37,21,0,6.93,clear sky
542,Kafanchan,NG,9.5833,8.3,67.41,99,80,2.98,broken clouds
543,Korla,CN,41.7597,86.1469,81.0,17,100,14.67,overcast clouds
544,Giaveno,IT,45.047,7.3492,64.78,69,7,5.97,clear sky
545,Hervey Bay,AU,-25.2986,152.8535,72.01,57,100,7.0,overcast clouds
546,Gumdag,TM,39.2061,54.5906,63.59,20,0,22.32,clear sky
547,Denpasar,ID,-8.65,115.2167,80.26,88,40,6.91,scattered clouds
548,Kattivakkam,IN,13.2167,80.3167,80.69,66,100,10.18,overcast clouds
549,Lata,PT,40.1629,-8.3327,70.81,78,92,0.98,light rain
550,Ullapool,GB,57.8987,-5.1604,58.35,99,100,3.31,overcast clouds
551,Uvinza,TZ,-5.1036,30.3911,73.2,54,45,1.23,scattered clouds
552,Thinadhoo,MV,0.5333,72.9333,82.11,70,6,12.62,clear sky
553,Kutum,SD,14.2,24.6667,77.13,37,100,5.86,overcast clouds
554,Takanosu,JP,40.2219,140.3694,75.85,73,0,2.3,clear sky
555,Lahij,YE,13.1667,44.5833,84.52,58,40,2.1,scattered clouds
556,Pitelino,RU,54.5777,41.8145,48.4,58,100,6.58,overcast clouds
557,Nyurba,RU,63.2842,118.3319,45.25,79,100,7.45,overcast clouds
558,Vanavara,RU,60.34,102.2797,46.9,78,12,3.67,few clouds
559,Evinayong,GQ,1.4368,10.5512,66.74,96,94,2.82,overcast clouds
560,Merauke,ID,-8.4667,140.3333,83.66,71,100,9.13,overcast clouds
561,Mvomero,TZ,-6.25,38.6667,69.58,87,72,3.27,broken clouds
562,Stephenville,US,32.2207,-98.2023,77.13,60,0,4.61,clear sky
563,Ovalle,CL,-30.5983,-71.2003,52.36,77,0,1.79,clear sky
564,Fort-Shevchenko,KZ,44.5086,50.263,63.05,38,59,18.05,broken clouds
565,Oranjestad,AW,12.524,-70.027,84.15,79,40,17.27,scattered clouds
566,La Paz,BO,-16.5,-68.15,49.98,76,8,6.91,clear sky
567,Murdochville,CA,48.9583,-65.5006,47.28,92,0,2.84,clear sky
568,Luis Correia,BR,-2.8792,-41.6669,78.42,83,37,15.05,scattered clouds
569,Zhezkazgan,KZ,47.8043,67.7144,39.18,93,0,6.71,clear sky
570,Sfantu Gheorghe,RO,45.8667,25.7833,55.81,94,15,3.02,few clouds
571,Port Macquarie,AU,-31.4333,152.9167,69.89,57,93,5.37,overcast clouds
572,Port Pirie,AU,-33.1833,138.0167,60.19,52,0,5.59,clear sky
573,Tautira,PF,-17.7333,-149.15,77.9,73,16,14.97,light rain
574,Mlonggo,ID,-6.5333,110.7,82.62,72,98,5.01,overcast clouds
575,Port Hawkesbury,CA,45.6169,-61.3485,62.58,85,0,15.01,clear sky
576,Kenai,US,60.5544,-151.2583,57.29,86,100,4.61,overcast clouds
577,Tanout,NE,14.9709,8.8879,85.35,46,51,12.26,broken clouds
578,Abu Samrah,SY,35.3029,37.1841,72.37,52,0,6.06,clear sky
579,Chimbote,PE,-9.0853,-78.5783,61.0,85,83,12.62,broken clouds
580,Pauini,BR,-7.7136,-66.9764,76.59,80,99,0.29,overcast clouds
581,Muborak,UZ,39.2553,65.1528,57.2,30,0,11.65,clear sky
582,Tabou,CI,4.423,-7.3528,74.41,89,100,8.41,overcast clouds
583,Dunkwa,GH,5.9656,-1.78,70.92,95,99,2.98,overcast clouds
584,Lagos,NG,6.5833,3.75,72.79,96,77,2.59,light rain
585,Goure,NE,13.9835,10.2704,82.02,61,98,7.05,overcast clouds
586,Mandalgovi,MN,45.7625,106.2708,59.56,54,99,16.22,overcast clouds
587,Utinga,BR,-5.8172,-35.3954,79.2,88,40,10.36,scattered clouds
588,Nakonde,ZM,-9.3421,32.745,57.13,78,2,4.23,clear sky
589,Vila,PT,42.0304,-8.1588,59.88,86,100,2.91,overcast clouds
590,Pareora,NZ,-44.4871,171.2132,55.18,97,100,4.32,overcast clouds
591,Garowe,SO,8.4054,48.4845,74.41,72,54,24.74,broken clouds
592,Kirkwall,GB,58.9848,-2.9587,57.25,94,100,10.36,moderate rain
593,Luganville,VU,-15.5333,167.1667,83.26,65,13,10.65,few clouds
594,Yertsevo,RU,60.7966,40.086,39.09,87,59,3.94,broken clouds
595,Auly,UA,48.5271,34.4949,54.93,66,97,5.61,overcast clouds
596,Alofi,NU,-19.0595,-169.9187,82.29,65,4,11.5,clear sky
597,Promissao,BR,-21.5367,-49.8581,75.25,53,9,11.21,clear sky
598,Lefka,CY,35.1106,32.8506,77.14,50,0,3.53,clear sky
599,Turkistan,KZ,43.0,68.0,51.51,60,0,7.72,clear sky
600,Qeshm,IR,26.9581,56.2719,85.89,73,2,3.31,clear sky
601,Manado,ID,1.487,124.8455,84.97,74,20,3.44,few clouds
602,Shenjiamen,CN,29.9576,122.298,76.12,88,100,4.59,light rain
603,Severnyy,RU,50.677,36.5532,55.44,50,0,13.42,clear sky
604,Gotsu,JP,35.0,132.2167,80.74,79,32,8.03,scattered clouds
605,Khawhai,IN,23.3667,93.1167,61.38,99,100,1.05,overcast clouds
606,Abaete,BR,-19.16,-45.4458,82.13,23,91,3.62,overcast clouds
607,Belmonte,BR,-15.8631,-38.8828,69.71,72,7,5.57,clear sky
608,Luanda,AO,-8.8368,13.2343,69.48,91,13,5.39,few clouds
609,Orbetello,IT,42.4408,11.2196,68.0,64,0,6.91,clear sky
610,Paamiut,GL,61.994,-49.6678,42.94,92,100,12.48,overcast clouds
611,Weston,US,26.1004,-80.3998,85.01,82,76,5.53,broken clouds
612,Havelock,US,34.8791,-76.9013,82.35,91,0,6.91,clear sky
613,Kathua,IN,32.3667,75.5167,74.48,71,0,4.83,clear sky
614,Kabansk,RU,52.0486,106.6528,62.91,45,100,7.02,overcast clouds
615,Salalah,OM,17.0151,54.0924,78.89,94,100,5.75,overcast clouds
616,Japura,ID,-0.3167,102.35,76.06,84,100,1.88,overcast clouds
617,Solnechnyy,RU,50.7214,136.6319,60.35,85,100,4.0,overcast clouds
618,Isilkul,RU,54.9109,71.2728,39.79,83,85,5.97,overcast clouds
619,Huinan,CN,42.6225,126.2614,69.58,78,10,2.82,clear sky
620,Fremont,US,37.5483,-121.9886,87.55,51,0,13.8,clear sky
621,Columbus,US,39.9612,-82.9988,73.92,93,100,8.05,overcast clouds
622,Sambava,MG,-14.2667,50.1667,67.21,87,71,9.6,light rain
623,Loubomo,CG,-4.1997,12.6739,67.95,91,19,2.33,few clouds
624,Porto Novo,BJ,6.4965,2.6036,74.75,94,64,5.86,light rain
625,Ibra,OM,22.6906,58.5334,78.96,57,96,1.77,overcast clouds
626,Pudozh,RU,61.8099,36.5345,40.48,95,19,4.09,few clouds
627,Santarem,BR,-2.4431,-54.7083,77.13,100,0,2.3,clear sky
628,Santa Fe,AR,-31.6333,-60.7,56.98,57,0,1.99,clear sky
629,Qaqortoq,GL,60.7167,-46.0333,44.37,92,100,2.04,overcast clouds
630,Bahia Blanca,AR,-38.7196,-62.2724,57.6,34,100,13.02,overcast clouds
631,Aripuana,BR,-9.1667,-60.6333,80.6,46,79,1.7,broken clouds
632,Valavanur,IN,11.9209,79.5824,77.4,76,100,5.79,overcast clouds
633,Nhulunbuy,AU,-12.2333,136.7667,86.61,62,40,10.36,scattered clouds
634,Takoradi,GH,4.8845,-1.7554,73.56,91,100,8.72,overcast clouds
635,Merrill,US,45.1805,-89.6835,59.9,82,0,4.61,clear sky
636,Leonidovo,RU,49.2833,142.8667,66.42,60,100,6.04,overcast clouds
637,Kangaatsiaq,GL,68.3065,-53.4641,42.6,92,100,17.16,light rain
638,Tallahassee,US,30.4383,-84.2807,76.86,94,98,3.33,overcast clouds
639,Ahipara,NZ,-35.1667,173.1667,60.91,86,20,19.22,few clouds
640,Great Bend,US,38.3645,-98.7648,71.73,40,0,0.0,clear sky
641,Teshie,GH,5.5836,-0.1072,75.63,88,86,12.12,overcast clouds
642,Camacari,BR,-12.6975,-38.3242,76.77,90,14,4.79,few clouds
643,Filadelfia,US,39.9523,-75.1638,73.42,96,100,5.75,light rain
644,Ozernovskiy,RU,51.5,156.5167,53.53,80,72,8.43,broken clouds
645,Conde,BR,-7.2597,-34.9075,72.86,94,20,4.61,few clouds
646,Coronel Fabriciano,BR,-19.5186,-42.6289,75.24,46,0,9.22,clear sky
647,Waddan,LY,29.1614,16.139,82.94,26,0,4.65,clear sky
648,Majene,ID,-3.5403,118.9707,81.95,72,52,7.16,broken clouds
649,Kaduy,RU,59.2,37.15,41.59,89,29,2.84,scattered clouds
650,Olden,NO,61.8364,6.8064,52.54,85,100,5.88,overcast clouds
651,Sorong,ID,-0.8833,131.25,82.27,74,51,6.33,broken clouds
652,Parrita,CR,9.5201,-84.3225,77.29,93,100,9.84,overcast clouds
653,Acapulco,MX,16.8634,-99.8901,80.42,83,100,3.44,overcast clouds
654,Tsabong,BW,-26.0217,22.401,61.84,26,10,15.26,clear sky
655,Kampene,CD,-3.6,26.6667,66.81,98,100,1.86,light rain
656,Ormond Beach,US,29.2858,-81.0559,80.1,90,75,4.61,broken clouds
657,Lahad Datu,MY,5.0268,118.327,81.23,74,92,0.94,overcast clouds
658,Sapa,PH,5.1544,120.3241,82.92,73,98,3.71,overcast clouds
659,Mishan,CN,45.55,131.8833,70.59,72,85,3.27,overcast clouds
660,Pitkyaranta,RU,61.5734,31.4792,47.62,75,100,4.94,overcast clouds
661,Pemangkat,ID,1.1667,108.9667,81.55,76,100,0.6,overcast clouds
662,Rio Gallegos,AR,-51.6226,-69.2181,37.45,65,0,6.91,clear sky
663,San Carlos De Bariloche,AR,-41.1456,-71.3082,43.02,70,40,16.11,scattered clouds
664,San Cristobal,VE,7.7669,-72.225,75.38,97,49,1.99,scattered clouds
665,Mazatlan,MX,23.2167,-106.4167,87.76,83,20,5.01,few clouds
666,Aykhal,RU,66.0,111.5,33.26,98,100,3.38,overcast clouds
667,Kununurra,AU,-15.7667,128.7333,89.58,43,3,4.61,clear sky
668,Sawakin,SD,19.1059,37.3321,87.3,59,100,5.64,overcast clouds
669,Hambantota,LK,6.1241,81.1185,75.54,100,20,3.44,few clouds
670,Turukhansk,RU,65.8167,87.9833,36.16,67,39,2.21,scattered clouds
671,Umea,SE,63.8284,20.2597,49.91,100,100,3.44,fog
672,Kautokeino,NO,69.0125,23.0412,43.02,83,100,6.11,overcast clouds
673,Tymovskoye,RU,50.8456,142.655,66.43,59,95,6.08,overcast clouds
674,Karatau,KZ,43.1667,70.4667,47.46,62,0,4.14,clear sky
675,Brewster,US,41.3973,-73.6171,66.88,95,100,4.61,overcast clouds
676,Opuwo,NA,-18.0607,13.84,65.16,41,1,3.71,clear sky
677,Dundee,GB,56.5,-2.9667,59.25,100,100,1.14,overcast clouds
678,Yangjiang,CN,21.85,111.9667,82.89,72,14,3.47,few clouds
679,Onda,ES,39.9667,-0.25,77.9,82,100,1.23,overcast clouds
680,Rio Branco,BR,-9.9747,-67.81,74.01,88,100,2.3,smoke
681,Mawlaik,MM,23.6333,94.4167,75.06,97,100,0.76,overcast clouds
682,Basco,PH,20.4487,121.9702,82.47,82,100,28.45,overcast clouds
683,Port Hardy,CA,50.6996,-127.4199,62.78,77,75,10.36,broken clouds
684,Azangaro,PE,-14.9167,-70.2167,50.72,48,94,2.71,overcast clouds
685,Boksitogorsk,RU,59.474,33.8485,40.41,88,46,3.36,scattered clouds
686,Pozoblanco,ES,38.3791,-4.8483,73.81,43,100,9.98,overcast clouds
687,Ardmore,US,34.1743,-97.1436,76.66,52,0,5.75,clear sky
688,Tiznit,MA,29.5833,-9.5,77.99,54,99,6.98,overcast clouds
689,Pasni,PK,25.2631,63.471,80.19,88,7,10.76,clear sky
690,Necochea,AR,-38.5473,-58.7368,51.46,54,100,9.26,overcast clouds
691,Plettenberg Bay,ZA,-34.0527,23.3716,51.19,84,57,7.72,light rain
692,Timra,SE,62.487,17.3257,48.67,87,100,5.75,overcast clouds
693,Pedernales,DO,18.0384,-71.744,82.92,76,37,6.26,scattered clouds
694,Forestville,US,38.8451,-76.875,75.49,94,100,5.75,overcast clouds
695,Glendive,US,47.1053,-104.7125,78.42,22,0,4.61,clear sky
696,Antofagasta,CL,-23.65,-70.4,56.48,80,99,5.28,overcast clouds
697,Mendeleyevo,RU,56.0333,37.2167,47.88,81,100,4.47,light rain
698,Coahuayana,MX,18.7333,-103.6833,79.16,89,100,3.15,overcast clouds
699,Presidente Olegario,BR,-18.4178,-46.4181,77.47,27,86,2.91,overcast clouds
700,Keti Bandar,PK,24.1447,67.4497,82.02,83,100,11.23,overcast clouds
701,Landerneau,FR,48.4525,-4.2525,66.96,88,0,6.91,clear sky
702,Meulaboh,ID,4.1363,96.1285,80.49,76,95,4.18,overcast clouds
703,Skibbereen,IE,51.55,-9.2667,62.11,99,100,1.72,overcast clouds
704,Catalao,BR,-18.1658,-47.9464,78.87,25,80,2.3,broken clouds
705,Santa Cruz De Tenerife,ES,28.4682,-16.2546,74.79,85,10,1.01,clear sky
706,La Ronge,CA,55.1001,-105.2842,66.42,42,75,2.3,broken clouds
707,Lipin Bor,RU,60.2622,37.9763,42.31,84,14,5.73,few clouds
708,Uruzgan,AF,32.8333,66.0,70.18,19,0,2.37,clear sky
709,Christchurch,NZ,-43.5333,172.6333,60.42,77,75,4.61,broken clouds
710,Pandan,PH,14.0453,124.1694,86.4,68,100,9.31,overcast clouds
711,Olinda,BR,-8.0089,-34.8553,76.73,73,40,8.05,scattered clouds
712,Saint-Georges,GD,12.0564,-61.7485,82.08,78,20,3.44,few clouds
713,Edgewater,US,28.9889,-80.9023,80.1,88,40,5.75,scattered clouds
714,Longyearbyen,SJ,78.2186,15.6401,35.44,80,75,17.27,broken clouds
